{
  "grid_size": 50,
  "dx_mm": 1.0,
  "dt_days": 0.04,
  "sim_days": 180,
  "initial_volume_mm3": 123.0,
  "mtd": {
    "final_volume_mm3": 0.0,
    "final_mass": 0.8494277845118354,
    "sphericity": 0.0
  },
  "adaptive": {
    "final_volume_mm3": 203.0,
    "final_mass": 57.295650180649815,
    "sphericity": 1.0,
    "drug_on_fraction": 0.402,
    "dose_sparing_fraction": 0.598
  },
  "tensor_field": {
    "D_white": 0.013,
    "D_gray": 0.0013,
    "anisotropy_ratio": 10.0,
    "center_eigenvalues": [
      0.0012373405219390497,
      0.0014683553849141606,
      0.012992814916368584
    ]
  }
}