{
  "phase1_tensor_validation": {
    "symmetry_max_error": 0.0,
    "min_trace": 0.0026,
    "min_determinant": 1.69e-06,
    "min_eigenvalue": 0.0013,
    "symmetry_pass": true,
    "positive_definite_pass": true
  },
  "phase2_mass_conservation": {
    "n_steps": 500,
    "initial_mass": 80.42477193189872,
    "final_mass": 80.4247719318987,
    "max_abs_mass_deviation": 1.4210854715202004e-14,
    "relative_mass_error": 1.7669748230352867e-16,
    "has_nan_or_inf": false,
    "has_negative_density": false,
    "min_density": -4.013613912505582e-36,
    "max_density": 0.7667141513411851,
    "mass_conservation_pass": true
  },
  "phase4_geometry_metrics": [
    {
      "patient_id": "PAT_0000",
      "fractal_dimension": 1.0379111761620694,
      "perimeter": 82.0,
      "area": 661.0,
      "perimeter_to_area_ratio": 0.12405446293494705,
      "convexity_defect": -0.03849175176747821,
      "branch_count": 1,
      "tract_alignment_fraction": 0.47685185185185186,
      "zone_scores": {
        "Leading Edge": 1.5669387563787094,
        "Cellular Tumor": 1.4254544880857025,
        "Infiltrating Tumor": 1.007333201879371
      },
      "mean_zone_score": 1.3332421487812611
    },
    {
      "patient_id": "PAT_0001",
      "fractal_dimension": 1.2560557200807563,
      "perimeter": 93.0,
      "area": 872.0,
      "perimeter_to_area_ratio": 0.10665137614678899,
      "convexity_defect": -0.02047981275599766,
      "branch_count": 1,
      "tract_alignment_fraction": 0.44782608695652176,
      "zone_scores": {
        "Leading Edge": 1.8028809503704908,
        "Cellular Tumor": 1.7408375781640644,
        "Infiltrating Tumor": 1.3209148564295459
      },
      "mean_zone_score": 1.6215444616547003
    },
    {
      "patient_id": "PAT_0002",
      "fractal_dimension": 1.4570435317470027,
      "perimeter": 112.0,
      "area": 1138.0,
      "perimeter_to_area_ratio": 0.0984182776801406,
      "convexity_defect": -0.003085059497576025,
      "branch_count": 1,
      "tract_alignment_fraction": 0.4562899786780384,
      "zone_scores": {
        "Leading Edge": 1.9163337395239286,
        "Cellular Tumor": 1.8715120291126346,
        "Infiltrating Tumor": 1.7469412488326295
      },
      "mean_zone_score": 1.8449290058230643
    },
    {
      "patient_id": "PAT_0003",
      "fractal_dimension": 1.4570435317470027,
      "perimeter": 112.0,
      "area": 1132.0,
      "perimeter_to_area_ratio": 0.0989399293286219,
      "convexity_defect": -0.0035460992907801418,
      "branch_count": 1,
      "tract_alignment_fraction": 0.45610278372591007,
      "zone_scores": {
        "Leading Edge": 1.9169196540415858,
        "Cellular Tumor": 1.8743676291649403,
        "Infiltrating Tumor": 1.742935720998502
      },
      "mean_zone_score": 1.844741001401676
    },
    {
      "patient_id": "PAT_0004",
      "fractal_dimension": 1.491426749453228,
      "perimeter": 116.0,
      "area": 1196.0,
      "perimeter_to_area_ratio": 0.09698996655518395,
      "convexity_defect": 0.001252609603340482,
      "branch_count": 1,
      "tract_alignment_fraction": 0.46794871794871795,
      "zone_scores": {
        "Leading Edge": 1.9600070437064763,
        "Cellular Tumor": 1.9292226458252104,
        "Infiltrating Tumor": 1.8244857698597945
      },
      "mean_zone_score": 1.9045718197971604
    },
    {
      "patient_id": "PAT_0005",
      "fractal_dimension": 1.3418721670452511,
      "perimeter": 75.0,
      "area": 561.0,
      "perimeter_to_area_ratio": 0.13368983957219252,
      "convexity_defect": -0.03792784458834434,
      "branch_count": 1,
      "tract_alignment_fraction": 0.486810551558753,
      "zone_scores": {
        "Leading Edge": 1.646735581213659,
        "Cellular Tumor": 1.3265843440965788,
        "Infiltrating Tumor": 0.8400519971544633
      },
      "mean_zone_score": 1.2711239741549003
    },
    {
      "patient_id": "PAT_0006",
      "fractal_dimension": 1.2560557200807563,
      "perimeter": 101.0,
      "area": 995.0,
      "perimeter_to_area_ratio": 0.10150753768844221,
      "convexity_defect": -0.008616320324379118,
      "branch_count": 1,
      "tract_alignment_fraction": 0.4416135881104034,
      "zone_scores": {
        "Leading Edge": 1.8617231593133063,
        "Cellular Tumor": 1.8020501704187,
        "Infiltrating Tumor": 1.5106928790504544
      },
      "mean_zone_score": 1.7248220695941534
    },
    {
      "patient_id": "PAT_0007",
      "fractal_dimension": 1.2560557200807563,
      "perimeter": 98.0,
      "area": 946.0,
      "perimeter_to_area_ratio": 0.10359408033826638,
      "convexity_defect": -0.015566290928609769,
      "branch_count": 1,
      "tract_alignment_fraction": 0.4449244060475162,
      "zone_scores": {
        "Leading Edge": 1.802999379397812,
        "Cellular Tumor": 1.7526326870294504,
        "Infiltrating Tumor": 1.4292688334214734
      },
      "mean_zone_score": 1.6616336332829118
    }
  ]
}