rank	gene_A	gene_B	collapse_score	C_A	C_B	bliss_synergy	loewe_synergy
1	ZNF106	LST1	0.000000	0.004158	0.003393	-0.007537	-0.003776
2	S100A11	LST1	0.000000	0.011309	0.003393	-0.014664	-0.007351
3	S100A11	ZNF106	0.000000	0.011309	0.004158	-0.015420	-0.007733
4	S100A8	LST1	0.000000	0.012910	0.003393	-0.016260	-0.008152
5	S100A8	ZNF106	0.000000	0.012910	0.004158	-0.017014	-0.008534
6	S100A8	S100A11	0.000000	0.012910	0.011309	-0.024073	-0.012110
