{
  "LogisticRegression": {
    "method": "LogisticRegression",
    "accuracy": 0.6983333333333334,
    "macro_f1": 0.6981188007014364,
    "weighted_f1": 0.6981188007014365,
    "macro_precision": 0.6982106262808018,
    "macro_recall": 0.6983333333333333,
    "macro_auc_ovr": 0.8623532500000001,
    "confusion_matrix": [
      [
        747,
        195,
        58
      ],
      [
        182,
        592,
        226
      ],
      [
        43,
        201,
        756
      ]
    ],
    "per_class": {
      "Core": {
        "precision": 0.7685185185185185,
        "recall": 0.747,
        "f1-score": 0.757606490872211,
        "support": 1000.0
      },
      "Periphery": {
        "precision": 0.5991902834008097,
        "recall": 0.592,
        "f1-score": 0.5955734406438632,
        "support": 1000.0
      },
      "Healthy": {
        "precision": 0.7269230769230769,
        "recall": 0.756,
        "f1-score": 0.7411764705882353,
        "support": 1000.0
      },
      "accuracy": 0.6983333333333334,
      "macro avg": {
        "precision": 0.6982106262808018,
        "recall": 0.6983333333333333,
        "f1-score": 0.6981188007014364,
        "support": 3000.0
      },
      "weighted avg": {
        "precision": 0.6982106262808017,
        "recall": 0.6983333333333334,
        "f1-score": 0.6981188007014365,
        "support": 3000.0
      }
    }
  },
  "RandomForest": {
    "method": "RandomForest",
    "accuracy": 0.726,
    "macro_f1": 0.7248472218074263,
    "weighted_f1": 0.7248472218074263,
    "macro_precision": 0.7273916970355724,
    "macro_recall": 0.726,
    "macro_auc_ovr": 0.8734580833333334,
    "confusion_matrix": [
      [
        771,
        138,
        91
      ],
      [
        134,
        609,
        257
      ],
      [
        40,
        162,
        798
      ]
    ],
    "per_class": {
      "Core": {
        "precision": 0.8158730158730159,
        "recall": 0.771,
        "f1-score": 0.7928020565552699,
        "support": 1000.0
      },
      "Periphery": {
        "precision": 0.66996699669967,
        "recall": 0.609,
        "f1-score": 0.6380303823991619,
        "support": 1000.0
      },
      "Healthy": {
        "precision": 0.6963350785340314,
        "recall": 0.798,
        "f1-score": 0.7437092264678472,
        "support": 1000.0
      },
      "accuracy": 0.726,
      "macro avg": {
        "precision": 0.7273916970355724,
        "recall": 0.726,
        "f1-score": 0.7248472218074263,
        "support": 3000.0
      },
      "weighted avg": {
        "precision": 0.7273916970355725,
        "recall": 0.726,
        "f1-score": 0.7248472218074263,
        "support": 3000.0
      }
    }
  }
}