{
  "method": "Hybrid_Transformer_LR_Prior",
  "accuracy": 0.5073333333333333,
  "macro_f1": 0.49586938803626907,
  "weighted_f1": 0.49586938803626907,
  "macro_precision": 0.5114519385286467,
  "macro_recall": 0.5073333333333333,
  "macro_auc_ovr": 0.6806683333333333,
  "confusion_matrix": [
    [
      504,
      215,
      281
    ],
    [
      229,
      291,
      480
    ],
    [
      40,
      233,
      727
    ]
  ],
  "per_class": {
    "Core": {
      "precision": 0.6520051746442432,
      "recall": 0.504,
      "f1-score": 0.5685279187817259,
      "support": 1000.0
    },
    "Periphery": {
      "precision": 0.39377537212449254,
      "recall": 0.291,
      "f1-score": 0.33467510063254746,
      "support": 1000.0
    },
    "Healthy": {
      "precision": 0.4885752688172043,
      "recall": 0.727,
      "f1-score": 0.5844051446945338,
      "support": 1000.0
    },
    "accuracy": 0.5073333333333333,
    "macro avg": {
      "precision": 0.5114519385286467,
      "recall": 0.5073333333333333,
      "f1-score": 0.49586938803626907,
      "support": 3000.0
    },
    "weighted avg": {
      "precision": 0.5114519385286467,
      "recall": 0.5073333333333333,
      "f1-score": 0.49586938803626907,
      "support": 3000.0
    }
  },
  "n_params": 80323,
  "epochs": 5,
  "best_test_acc": 0.5073333333333333,
  "final_test_acc": 0.5073333333333333,
  "lr_bias_scale": 0.5
}