{
  "features": [
    "LST1_expr",
    "S100A11_expr",
    "S100A8_expr",
    "ZNF106_expr",
    "age_at_diagnosis"
  ],
  "coefficients": {
    "LST1_expr": 0.10329620820063831,
    "S100A11_expr": 0.16125681124935592,
    "S100A8_expr": -0.055004766422550026,
    "ZNF106_expr": -0.03884775976704492,
    "age_at_diagnosis": -0.001165596422188367
  },
  "hr": {
    "LST1_expr": 1.1088198019556437,
    "S100A11_expr": 1.1749866798680504,
    "S100A8_expr": 0.9464806366160828,
    "ZNF106_expr": 0.9618971374442281,
    "age_at_diagnosis": 0.9988350826214655
  },
  "ci_lower": {
    "LST1_expr": 0.8650050484268166,
    "S100A11_expr": 0.9212599004760704,
    "S100A8_expr": 0.7510442109610124,
    "ZNF106_expr": 0.8043366204861336,
    "age_at_diagnosis": 0.9783434719782412
  },
  "ci_upper": {
    "LST1_expr": 1.421357430739865,
    "S100A11_expr": 1.4985930649471542,
    "S100A8_expr": 1.192773451169959,
    "ZNF106_expr": 1.1503219913873748,
    "age_at_diagnosis": 1.0197558943773668
  },
  "p_values": {
    "LST1_expr": 0.41488121377080667,
    "S100A11_expr": 0.19386529396620356,
    "S100A8_expr": 0.6411224438334409,
    "ZNF106_expr": 0.6703741965996666,
    "age_at_diagnosis": 0.9122413174187822
  }
}