{
  "S1": {
    "rho_s": 0.6130295066352639,
    "aniso_ratio": 0.28857899686013677,
    "mu_r": 0.016630495967173524,
    "EC50": 0.05735919936049886,
    "D_white": 0.01806516069207236
  },
  "ST": {
    "rho_s": 0.6239101458466827,
    "aniso_ratio": 0.30454840943705686,
    "mu_r": 0.029820906296371172,
    "EC50": 0.07352720764785198,
    "D_white": 0.02083900979131465
  },
  "S1_conf": {
    "rho_s": 0.08707946308389296,
    "aniso_ratio": 0.05846697826208888,
    "mu_r": 0.0220157511188017,
    "EC50": 0.031973143548163246,
    "D_white": 0.01906419247700438
  },
  "ST_conf": {
    "rho_s": 0.06256927171806731,
    "aniso_ratio": 0.0380500724204713,
    "mu_r": 0.0041664462974772346,
    "EC50": 0.010281622301984226,
    "D_white": 0.003271436049098229
  },
  "n_samples": 500,
  "ttp_mean": 119.90466666666667,
  "ttp_std": 36.084834185876794
}