{
  "univariate": [
    {
      "gene": "LST1",
      "logrank_chi2": 0.46273459859513394,
      "logrank_p": 0.4963487204259398,
      "cox_hr": 1.1251234414713507,
      "cox_ci_lower": 0.891386616969582,
      "cox_ci_upper": 1.4201500610946844,
      "cox_p": 0.3210656313697773,
      "n_high": 60,
      "n_low": 60
    },
    {
      "gene": "S100A11",
      "logrank_chi2": 1.6030821100781356,
      "logrank_p": 0.20546697714646334,
      "cox_hr": 1.1637114091725518,
      "cox_ci_lower": 0.9676067247223876,
      "cox_ci_upper": 1.3995605954752968,
      "cox_p": 0.10734054202090237,
      "n_high": 60,
      "n_low": 60
    },
    {
      "gene": "S100A8",
      "logrank_chi2": 0.03953858273107698,
      "logrank_p": 0.8423854717042318,
      "cox_hr": 1.0534325893850738,
      "cox_ci_lower": 0.8733996036961132,
      "cox_ci_upper": 1.2705755941293657,
      "cox_p": 0.5861792041684233,
      "n_high": 60,
      "n_low": 60
    },
    {
      "gene": "ZNF106",
      "logrank_chi2": 0.03335900548529642,
      "logrank_p": 0.8550769826058383,
      "cox_hr": 0.9595232494966077,
      "cox_ci_lower": 0.8134783770177664,
      "cox_ci_upper": 1.1317877553178302,
      "cox_p": 0.6238027090802847,
      "n_high": 60,
      "n_low": 60
    }
  ],
  "multivariate": {
    "features": [
      "LST1_expr",
      "S100A11_expr",
      "S100A8_expr",
      "ZNF106_expr",
      "age_at_diagnosis"
    ],
    "coefficients": {
      "LST1_expr": 0.10329620820063831,
      "S100A11_expr": 0.16125681124935592,
      "S100A8_expr": -0.055004766422550026,
      "ZNF106_expr": -0.03884775976704492,
      "age_at_diagnosis": -0.001165596422188367
    },
    "hr": {
      "LST1_expr": 1.1088198019556437,
      "S100A11_expr": 1.1749866798680504,
      "S100A8_expr": 0.9464806366160828,
      "ZNF106_expr": 0.9618971374442281,
      "age_at_diagnosis": 0.9988350826214655
    },
    "ci_lower": {
      "LST1_expr": 0.8650050484268166,
      "S100A11_expr": 0.9212599004760704,
      "S100A8_expr": 0.7510442109610124,
      "ZNF106_expr": 0.8043366204861336,
      "age_at_diagnosis": 0.9783434719782412
    },
    "ci_upper": {
      "LST1_expr": 1.421357430739865,
      "S100A11_expr": 1.4985930649471542,
      "S100A8_expr": 1.192773451169959,
      "ZNF106_expr": 1.1503219913873748,
      "age_at_diagnosis": 1.0197558943773668
    },
    "p_values": {
      "LST1_expr": 0.41488121377080667,
      "S100A11_expr": 0.19386529396620356,
      "S100A8_expr": 0.6411224438334409,
      "ZNF106_expr": 0.6703741965996666,
      "age_at_diagnosis": 0.9122413174187822
    }
  },
  "cohort_size": 120,
  "n_events": 74,
  "median_survival_days": 176.65,
  "genes_analyzed": [
    "LST1",
    "S100A11",
    "S100A8",
    "ZNF106"
  ]
}