{
  "epoch": [
    1,
    2,
    3,
    4,
    5,
    6,
    7,
    8,
    9,
    10,
    11,
    12,
    13,
    14,
    15,
    16,
    17,
    18,
    19,
    20,
    21,
    22,
    23,
    24,
    25,
    26,
    27,
    28,
    29,
    30,
    31,
    32,
    33,
    34,
    35,
    36,
    37,
    38,
    39,
    40,
    41,
    42,
    43,
    44,
    45,
    46,
    47,
    48,
    49,
    50,
    51,
    52,
    53,
    54,
    55,
    56,
    57,
    58,
    59,
    60
  ],
  "loss": [
    4.476696103811264,
    4.20955757300059,
    4.157637079556783,
    4.1171093583106995,
    4.076194852590561,
    4.039395481348038,
    4.016726056734721,
    3.98480815688769,
    3.9633202850818634,
    3.947103579839071,
    3.927653153737386,
    3.915275812149048,
    3.9018777509530387,
    3.8946474691232047,
    3.887411206960678,
    3.8754569987456002,
    3.8656935890515647,
    3.8498937586943307,
    3.837998479604721,
    3.824388245741526,
    3.8051718870798745,
    3.773255378007889,
    3.7383234004179635,
    3.7089052498340607,
    3.6745847960313163,
    3.6501535773277283,
    3.6253472367922464,
    3.6078337132930756,
    3.589617838462194,
    3.5796294709046683,
    3.555960367123286,
    3.5452676514784494,
    3.536090840895971,
    3.523061583439509,
    3.5200314124425254,
    3.5019245048364005,
    3.4941234091917672,
    3.4913798173268638,
    3.4758996268113456,
    3.466761658589045,
    3.464035908381144,
    3.4550750652949014,
    3.449432998895645,
    3.44451974829038,
    3.437251955270767,
    3.4317900439103446,
    3.425101707379023,
    3.4226705531279245,
    3.4180479049682617,
    3.4181328813234964,
    3.4104384779930115,
    3.4073449273904166,
    3.405858645836512,
    3.400098075469335,
    3.4008402625719705,
    3.4011387825012207,
    3.4066269199053445,
    3.4033367335796356,
    3.4071020682652793,
    3.3971518874168396
  ],
  "mse": [
    0.907383052011331,
    0.7896286174654961,
    0.7733603194355965,
    0.7680130998293558,
    0.7623477826515833,
    0.7590747699141502,
    0.7567585359017054,
    0.7541873753070831,
    0.7520195643107096,
    0.7495933721462885,
    0.7468850687146187,
    0.7448498830199242,
    0.7429941321412722,
    0.741259957353274,
    0.7398533523082733,
    0.7377775609493256,
    0.7360957140723864,
    0.7347531070311865,
    0.7329069326321284,
    0.7321661015351614,
    0.7310205300649008,
    0.7303913310170174,
    0.7295132999618849,
    0.728760614991188,
    0.7277048751711845,
    0.7271260718504587,
    0.7258893623948097,
    0.7260730688770612,
    0.7251677960157394,
    0.7251124729712805,
    0.7243769193689028,
    0.7239514340957006,
    0.7235451837380728,
    0.7231651221712431,
    0.7229539329806963,
    0.7225540106495222,
    0.7219885066151619,
    0.7216914693514506,
    0.7219575320680937,
    0.7216618433594704,
    0.7214846784869829,
    0.7213838994503021,
    0.7211478923757871,
    0.7214632034301758,
    0.7211441894372305,
    0.7211334630846977,
    0.7206345697244009,
    0.7208070009946823,
    0.7208441893259684,
    0.7205468813578287,
    0.7205068071683248,
    0.7201680118838946,
    0.7204703912138939,
    0.7198943520585696,
    0.7200257057944933,
    0.7202992166082064,
    0.7201095297932625,
    0.7201257596413294,
    0.720286967853705,
    0.7202384968598684
  ],
  "kl": [
    0.13330005450795093,
    0.10950541403144598,
    0.10833772209783395,
    0.10922530914346378,
    0.11547371776153643,
    0.12340812912831704,
    0.12655106466263533,
    0.12744896734754244,
    0.13126959341267744,
    0.13112311686078706,
    0.13365712016820908,
    0.13670329873760542,
    0.13848060183227062,
    0.1402115374803543,
    0.14366651450594267,
    0.14561616629362106,
    0.152458306401968,
    0.15654217327634493,
    0.16734830538431802,
    0.17474950353304544,
    0.18097391662498316,
    0.18824095651507378,
    0.1976359530041615,
    0.20748763034741083,
    0.21819234391053519,
    0.2230461190144221,
    0.22973643553753695,
    0.23310573026537895,
    0.23717311707635721,
    0.2365683956692616,
    0.2396292028327783,
    0.241727684934934,
    0.24307233281433582,
    0.2465577001372973,
    0.24735237658023834,
    0.24677310759822527,
    0.24978939381738505,
    0.2504395302385092,
    0.24957355794807276,
    0.25146974561115104,
    0.25268923429151374,
    0.25425418466329575,
    0.2552347791691621,
    0.2540830497940381,
    0.25467342138290405,
    0.25575118387738865,
    0.25650767361124355,
    0.256091879059871,
    0.2566546748081843,
    0.2576044735809167,
    0.25719106818238896,
    0.25639910871783894,
    0.2572164001564185,
    0.2578309339781602,
    0.2580607235431671,
    0.25794891888896626,
    0.2576546296477318,
    0.25807181124885875,
    0.25789256890614826,
    0.2580498233437538
  ],
  "contrast": [
    6.872025907039642,
    6.620847066243489,
    6.551878074804942,
    6.479741811752319,
    6.396746714909871,
    6.313825070858002,
    6.266832927862803,
    6.206343591213226,
    6.160062253475189,
    6.132774194081624,
    6.0942219495773315,
    6.067445278167725,
    6.040806074937184,
    6.0263519287109375,
    6.007782697677612,
    5.984126528104146,
    5.954279104868571,
    5.917196949323018,
    5.875486473242442,
    5.834945281346639,
    5.786354839801788,
    5.709246178468068,
    5.622348268826802,
    5.545313994089763,
    5.457375148932139,
    5.399962802728017,
    5.339442869027455,
    5.2973098158836365,
    5.25455383459727,
    5.2358972032864886,
    5.183908482392629,
    5.1591770847638445,
    5.1389466325442,
    5.106677492459615,
    5.099450210730235,
    5.06519474585851,
    5.044691026210785,
    5.0384975870450335,
    5.0087371071179705,
    4.987260162830353,
    4.979724049568176,
    4.958873967329661,
    4.946100612481435,
    4.937947014967601,
    4.922868649164836,
    4.909810781478882,
    4.8959189256032305,
    4.891543328762054,
    4.881098091602325,
    4.879963040351868,
    4.8654811779658,
    4.8615555961926775,
    4.856343746185303,
    4.844745556513469,
    4.8455076813697815,
    4.845781326293945,
    4.857725600401561,
    4.850278357664744,
    4.857845028241475,
    4.837727089722951
  ]
}