{
  "method": "C-GAT",
  "accuracy": 0.7526666666666667,
  "macro_f1": 0.7404802880811325,
  "weighted_f1": 0.7404802880811325,
  "macro_precision": 0.7841651038971799,
  "macro_recall": 0.7526666666666667,
  "macro_auc_ovr": 0.9113915,
  "confusion_matrix": [
    [
      889,
      27,
      84
    ],
    [
      85,
      447,
      468
    ],
    [
      8,
      70,
      922
    ]
  ],
  "per_class": {
    "Core": {
      "precision": 0.905295315682281,
      "recall": 0.889,
      "f1-score": 0.8970736629667003,
      "support": 1000.0
    },
    "Periphery": {
      "precision": 0.8216911764705882,
      "recall": 0.447,
      "f1-score": 0.5790155440414507,
      "support": 1000.0
    },
    "Healthy": {
      "precision": 0.6255088195386703,
      "recall": 0.922,
      "f1-score": 0.7453516572352465,
      "support": 1000.0
    },
    "accuracy": 0.7526666666666667,
    "macro avg": {
      "precision": 0.7841651038971799,
      "recall": 0.7526666666666667,
      "f1-score": 0.7404802880811325,
      "support": 3000.0
    },
    "weighted avg": {
      "precision": 0.7841651038971799,
      "recall": 0.7526666666666667,
      "f1-score": 0.7404802880811325,
      "support": 3000.0
    }
  },
  "best_test_acc": 0.7526666522026062,
  "final_test_acc": 0.7526666666666667,
  "n_params": 41499
}